Comment,Like,Share,Interactions,Type
4,79,17,100,Photo
5,130,29,164,Status
0,66,14,80,Photo
58,1572,147,1777,Photo
19,325,49,393,Photo
1,152,33,186,Status
3,249,27,279,Photo
0,325,14,339,Photo
0,161,31,192,Status
3,113,26,142,Photo
0,233,19,,Status
0,88,18,106,Photo
0,90,14,104,Photo
5,137,10,152,Photo
2,577,20,599,Photo
4,86,18,108,Status
2,40,12,54,Photo
15,678,20,713,Photo
4,54,17,,Status
0,34,8,42,Photo
3,66,12,81,Photo
0,0,0,0,Photo
0,72,24,96,Photo
3,99,19,121,Status
0,88,18,106,Status
10,412,72,494,Status
0,100,17,117,Photo
36,523,63,622,Photo
33,107,22,162,Photo
1,27,11,39,Photo
2,155,47,204,Photo
4,98,23,125,Photo
2,56,17,75,Photo
6,172,21,199,Photo
0,96,17,113,Photo
16,76,8,100,Photo
11,227,31,269,Status
1,44,14,59,Photo
7,216,39,262,Status
7,26,3,,Photo
0,47,11,58,Photo
4,174,36,214,Status
0,77,15,92,Photo
1,48,9,,Photo
24,285,28,337,Photo
9,202,31,242,Photo
4,64,19,87,Photo
4,66,13,83,Photo
2,164,54,220,Photo
0,40,13,53,Photo
3,76,11,90,Photo
4,139,17,160,Photo
8,101,14,123,Photo
8,144,10,162,Photo
10,179,13,202,Photo
4,219,22,245,Photo
2,60,7,69,Photo
19,77,23,119,Photo
0,48,7,55,Photo
20,697,70,787,Photo
0,53,17,70,Photo
7,84,28,119,Photo
7,146,9,162,Photo
3,226,44,273,Status
14,172,47,233,Photo
20,411,74,505,Photo
0,0,0,0,Photo
4,85,8,97,Photo
0,56,8,64,Photo
2,29,7,38,Photo
2,86,13,101,Status
18,370,53,441,Photo
5,190,57,252,Photo
2,101,19,122,Photo
2,99,16,117,Status
10,140,8,158,Photo
3,270,38,311,Photo
3,30,6,39,Photo
2,107,17,126,Photo
13,331,77,421,Photo
0,78,13,91,Photo
9,301,32,342,Photo
2,111,16,129,Photo
2,124,22,148,Photo
5,153,27,185,Photo
3,51,11,65,Photo
1,115,26,142,Photo
7,310,61,378,Status
12,328,90,430,Photo
0,0,0,0,Photo
26,1505,95,1626,Photo
2,63,14,79,Photo
0,13,4,17,Photo
4,59,9,72,Photo
42,955,139,1136,Photo
9,181,32,222,Photo
17,193,28,238,Status
7,125,16,148,Photo
4,217,50,271,Status
2,28,4,34,Photo
4,117,18,139,Photo
2,79,16,97,Photo
0,15,2,17,Photo
0,4,2,6,Photo
1,431,26,458,Photo
0,7,0,7,Photo
0,7,2,9,Photo
0,6,2,8,Photo
0,2,,2,Photo
6,186,40,232,Status
1,1,2,4,Photo
1,3,2,6,Photo
0,7,,7,Photo
0,7,2,9,Photo
3,198,41,242,Photo
0,9,1,10,Photo
0,4,1,5,Photo
0,3,0,3,Photo
0,8,2,10,Photo
0,7,3,10,Photo
1,7,2,10,Photo
0,11,1,12,Photo
2,28,4,34,Photo
0,56,12,68,Photo
4,32,3,39,Photo
0,129,25,154,Status
4,77,19,100,Photo
2,227,36,265,Status
60,859,90,1009,Status
10,377,60,447,Photo
3,41,9,53,Photo
6,76,14,96,Photo
0,189,15,204,Photo
0,80,14,94,Photo
3,148,28,179,Status
24,302,41,367,Photo
2,166,32,200,Photo
47,358,49,454,Photo
7,161,25,193,Photo
13,319,55,387,Photo
0,54,16,70,Photo
16,117,30,163,Photo
1,115,21,137,Photo
30,187,35,252,Photo
1,84,13,98,Photo
6,363,40,409,Photo
6,244,32,282,Photo
22,290,98,410,Photo
4,243,41,288,Status
0,113,19,132,Photo
2,77,5,84,Photo
8,485,64,557,Photo
144,1622,208,1974,Photo
6,99,16,121,Photo
3,188,26,217,Photo
2,30,6,38,Photo
38,163,27,228,Status
6,179,40,225,Photo
5,204,34,243,Photo
2,165,22,189,Status
29,1047,98,1174,Photo
2,234,40,276,Photo
7,250,42,299,Photo
4,154,36,194,Photo
20,150,29,199,Status
4,102,8,114,Photo
1,226,44,271,Photo
11,68,11,90,Photo
0,62,10,72,Photo
5,223,35,263,Photo
0,61,6,67,Photo
1,104,12,117,Photo
3,146,15,164,Photo
2,102,15,119,Photo
9,766,43,818,Photo
0,63,7,70,Photo
3,113,17,133,Photo
6,442,42,490,Photo
9,278,43,330,Photo
2,64,7,73,Photo
1,52,7,60,Photo
0,30,2,32,Photo
33,1155,102,1290,Photo
2,139,25,166,Photo
0,40,5,45,Photo
2,53,15,70,Status
4,220,19,243,Photo
2,114,16,132,Photo
0,39,3,42,Photo
4,859,68,931,Photo
5,137,20,162,Photo
1,54,11,66,Photo
2,74,22,98,Photo
6,98,3,107,Photo
2,264,21,287,Photo
3,36,11,50,Photo
1,11,3,15,Photo
4,435,31,470,Photo
2,114,10,126,Photo
2,17,9,28,Photo
41,15,1,57,Status
3,87,10,100,Photo
16,227,28,271,Photo
2,86,8,96,Photo
6,179,27,212,Photo
1,74,11,86,Status
18,332,54,404,Status
2,80,21,103,Photo
9,95,17,121,Status
3,188,26,217,Photo
6,109,11,126,Photo
64,367,25,456,Photo
9,102,19,130,Photo
2,113,20,135,Photo
0,94,20,114,Photo
6,14,1,21,Status
1,43,10,54,Photo
1,98,21,120,Photo
3,13,1,17,Status
12,237,45,294,Photo
4,112,23,139,Photo
2,101,25,128,Photo
10,145,31,186,Photo
6,535,83,624,Photo
4,118,22,144,Photo
9,484,79,572,Status
4,154,30,188,Photo
0,73,15,88,Photo
0,96,19,115,Photo
1,98,19,118,Photo
1,53,14,68,Photo
4,71,10,85,Photo
6,194,34,234,Photo
6,226,42,274,Photo
11,238,51,300,Status
10,755,58,823,Photo
30,47,8,85,Photo
2,126,32,160,Photo
4,104,10,118,Photo
10,167,26,203,Photo
9,152,41,202,Photo
0,128,15,143,Photo
13,234,43,290,Photo
2,61,16,79,Photo
0,66,9,75,Photo
7,529,60,596,Photo
3,42,10,55,Photo
2,75,24,101,Photo
13,61,13,87,Status
26,162,7,195,Photo
2,47,4,53,Photo
6,696,28,730,Photo
7,215,47,269,Photo
22,534,31,587,Photo
1,143,27,171,Photo
18,46,7,71,Photo
36,98,14,148,Status
0,25,5,30,Photo
11,202,5,218,Photo
7,148,39,194,Photo
1,40,8,49,Photo
1,71,17,89,Photo
0,104,13,117,Status
1,34,4,39,Photo
11,129,12,152,Photo
4,72,18,94,Status
0,15,3,18,Photo
14,102,9,125,Photo
103,469,33,605,Photo
5,57,5,67,Photo
0,23,2,25,Photo
5,141,26,172,Photo
0,19,5,24,Photo
1,71,23,95,Photo
0,72,21,93,Photo
5,54,7,66,Photo
5,93,19,117,Photo
0,62,10,72,Photo
0,78,16,94,Photo
0,14,1,15,Photo
11,231,43,285,Photo
1,72,16,89,Photo
9,197,28,234,Photo
4,330,29,363,Photo
0,148,7,155,Photo
2,208,28,238,Photo
12,148,28,188,Photo
4,154,26,184,Photo
3,142,18,163,Photo
8,107,20,135,Photo
0,22,3,25,Photo
2,84,13,99,Photo
2,59,12,73,Photo
3,65,14,82,Photo
0,24,4,28,Photo
9,186,23,218,Photo
0,58,17,75,Photo
2,74,14,90,Photo
2,180,44,226,Photo
18,168,49,235,Photo
0,36,5,41,Photo
2,51,6,59,Photo
2,67,14,83,Photo
2,57,6,65,Photo
2,33,10,45,Photo
1,79,17,97,Photo
3,97,22,122,Photo
16,617,58,691,Photo
7,139,34,180,Photo
20,199,32,251,Photo
1,107,26,134,Photo
0,50,10,60,Photo
0,64,20,84,Photo
2,55,10,67,Status
1,142,37,180,Photo
2,72,9,83,Photo
4,79,16,99,Photo
25,244,44,313,Photo
25,307,58,390,Photo
6,212,36,254,Photo
2,95,17,114,Photo
5,194,33,232,Photo
6,101,29,136,Photo
3,156,20,179,Photo
37,821,90,948,Photo
1,58,13,72,Photo
12,155,23,190,Photo
45,1639,122,1806,Photo
3,155,32,190,Photo
4,166,33,203,Photo
6,210,39,255,Status
4,400,25,429,Photo
2,98,18,118,Photo
12,138,38,188,Photo
3,148,16,167,Photo
2,267,40,309,Photo
1,144,29,174,Photo
25,256,54,335,Photo
3,72,24,99,Photo
0,87,18,105,Photo
1,129,36,166,Status
1,179,30,210,Photo
9,194,33,236,Photo
1,124,32,157,Photo
4,304,47,355,Photo
12,138,39,189,Photo
4,41,9,54,Photo
2,163,35,200,Photo
45,407,76,528,Photo
17,447,123,587,Status
2,93,26,121,Photo
0,59,16,75,Photo
0,286,30,316,Photo
0,66,13,79,Photo
8,236,51,295,Photo
2,152,11,165,Photo
8,186,18,212,Photo
11,235,34,280,Photo
1,64,22,87,Photo
2,92,28,122,Photo
3,53,13,69,Photo
5,140,38,183,Photo
0,48,8,56,Photo
0,112,14,126,Photo
0,35,5,40,Photo
4,37,3,44,Photo
0,48,14,62,Photo
6,766,109,881,Photo
1,96,18,115,Photo
1,57,13,71,Photo
3,114,21,138,Photo
1,51,6,58,Photo
1,87,27,115,Photo
5,81,11,97,Photo
1,71,18,90,Photo
9,164,52,225,Photo
5,91,26,122,Photo
9,329,38,376,Photo
4,128,17,149,Photo
1,52,24,77,Photo
1,63,26,90,Photo
2,97,25,124,Photo
2,56,9,67,Photo
4,138,26,168,Photo
7,142,24,173,Photo
1,75,15,91,Photo
1,89,14,104,Photo
2,63,16,81,Photo
3,176,29,208,Photo
7,227,15,249,Photo
3,25,6,34,Status
0,0,0,0,Photo
1,27,11,39,Photo
0,39,14,53,Photo
0,61,13,74,Photo
0,32,7,39,Photo
0,2,0,2,Photo
8,109,3,120,Photo
0,32,6,38,Photo
0,6,1,7,Photo
4,213,13,230,Photo
0,2,0,2,Photo
0,3,0,3,Photo
0,4,0,4,Photo
0,4,1,5,Photo
12,211,14,237,Photo
1,15,1,17,Photo
11,95,4,110,Photo
16,127,0,143,Photo
0,136,13,149,Photo
1,76,9,86,Photo
1,28,7,36,Photo
0,0,0,0,Photo
10,664,97,771,Photo
1,62,10,73,Photo
0,48,20,68,Photo
1,55,7,63,Photo
10,197,21,228,Photo
6,88,24,118,Photo
2,59,6,67,Photo
6,234,26,266,Photo
3,148,21,172,Photo
0,96,29,125,Photo
4,49,15,68,Photo
3,98,27,128,Photo
14,198,70,282,Photo
5,159,53,217,Photo
1,22,6,29,Photo
6,154,18,178,Photo
5,128,32,165,Photo
2,129,32,163,Photo
146,1546,181,1873,Photo
5,79,11,95,Photo
19,214,78,311,Photo
8,134,34,176,Photo
9,268,36,313,Photo
4,128,38,170,Photo
3,47,21,71,Photo
1,200,37,238,Photo
5,264,36,305,Photo
10,193,61,264,Photo
7,160,57,224,Photo
0,46,15,61,Photo
4,136,42,182,Photo
0,73,13,86,Photo
0,65,19,84,Photo
7,579,47,633,Photo
1,74,31,106,Photo
7,84,36,127,Photo
56,360,99,515,Photo
3,187,36,226,Photo
2,69,26,97,Photo
2,82,24,108,Photo
2,56,25,83,Photo
1,44,21,66,Photo
21,277,80,378,Photo
1,74,28,103,Photo
1,79,30,110,Photo
1,105,46,152,Photo
17,185,55,257,Photo
10,125,41,176,Photo
5,53,26,84,Photo
0,53,22,75,Photo
4,93,18,115,Photo
7,91,38,136,Photo
0,91,28,119,Photo
